1185408, 1%
1161216, 2%
1137024, 3%
1112832, 4%
1088640, 5%
1064448, 6%
1040256, 7%
1016064, 8%
991872, 9%
967680, 10%
943488, 11%
919296, 12%
895104, 13%
870912, 14%
846720, 15%
822528, 16%
798336, 17%
774144, 18%
749952, 19%
725760, 20%
701568, 21%
677376, 22%
653184, 23%
628992, 24%
604800, 25%
580608, 26%
556416, 27%
532224, 28%
508032, 29%
483840, 30%
459648, 31%
435456, 32%
411264, 33%
387072, 34%
362880, 35%
338688, 36%
314496, 37%
290304, 38%
266112, 39%
241920, 40%
217728, 41%
193536, 42%
169344, 43%
145152, 44%
120960, 45%
96768, 46%
72576, 47%
48384, 48%
24192, 49%
1207181, 0.1%
1209358, 0.01%
